No;Þirket Adý;Þirket Adý2;Column1;Column2;Column3;Column4;Column5
1;2mc yapi san. ve ti?c. ltd. þti?.;NaN; CEPHE VE ÇATI;YAPI KÝMYASALLARI VE YALITIM;ZEMÝN KAPLAMALARI VE DÖÞEME SÝSTEMLERÝ;;
2;5k mühendi?sli?k & alamana yapi malzemeleri?;https://www.redpaint.com.tr; BOYALAR VE BÝTÝRME;HÝZMETLER;YANGIN GÜVENLÝÐI, GÜVENLÝK VE ÝÞ GÜVENLÝÐÝ;YAPI KÝMYASALLARI VE YALITIM;
3;a profi?l san. ve ti?c. a.þ.;http://www.aprofil.com.tr; CEPHE VE ÇATI;PENCERE VE PROFÝL SÝSTEMLERÝ;YAPI MALZEMELERÝ VE YAPIM SÝSTEMLERÝ;;
4;abs yapi elemanlari san. ti?c. ltd. þti?.;https://www.absyapi.com.tr; HÝZMETLER;YAPI MALZEMELERÝ VE YAPIM SÝSTEMLERÝ;ZEMÝN KAPLAMALARI VE DÖÞEME SÝSTEMLERÝ;;
5;abt bi?lgi?sayar - winworld;http://www.winworld.net; HÝZMETLER;MAKÝNE, EKÝPMAN VE BÝLÝÞÝM;PENCERE VE PROFÝL SÝSTEMLERÝ;;
6;adakaya panel i?nþaat;http://www.adakayapanel.com.tr; CEPHE VE ÇATI;;;;
7;adali cam dekorasyon san. ve ti?c. ltd. þti?.;https://www.adalicam.com.tr; BANYO, MUTFAK, HAVUZ VE SPA;BÝNA ÝÇÝ TASARIM VE DEKORASYON;KAPI, GEÇÝÞ, AKTARIM VE BÝNA OTOMASYON SÝSTEMLERÝ;YAPI MALZEMELERÝ VE YAPIM SÝSTEMLERÝ;
8;adana i?nci?han maki?ne ki?m. i?nþ. taah. san. ve ti?c. ltd.þti?.;http://www.politile.com; CEPHE VE ÇATI;YAPI MALZEMELERÝ VE YAPIM SÝSTEMLERÝ;;;
9;additional liability company “vimala”;http://www.gomel-fox.com; BÝNA ÝÇÝ TASARIM VE DEKORASYON;;;;
10;ademsan maki?na mühendi?sli?k asansör i?nþaat i?skele san. ve ti?c. ltd. þti?.;http://www.ademsan.com; CEPHE VE ÇATI;MAKÝNE, EKÝPMAN VE BÝLÝÞÝM;;;
11;agali? metal maki?na i?nþ. oto. teks. petr. ki?mya san. ve ti?c. ltd. þti?.;https://www.aycit.com; ÇEVRE DÜZENLEME VE KENTSEL TASARIM;;;;
12;ags metal san. i?ç ve diþ ti?c. ltd. þti?.;http://www.agsmetal.com; CEPHE VE ÇATI;HÝZMETLER;;;
13;ahm grup yaþam teknoloji?leri? medi?kal i?nþ. san. ve ti?c. ltd. þti?.;https://www.ribatpanel.com;;;;;
14;ahmet aslansoy pamuk teksti?l san. ve ti?c. a.þ.;https://www.aslansoy.com.tr; BÝNA ÝÇÝ TASARIM VE DEKORASYON;;;;
15;akci?han cam san. ve ti?c. ltd. þti?.;http://www.camkumu.com; BANYO, MUTFAK, HAVUZ VE SPA;MAKÝNE, EKÝPMAN VE BÝLÝÞÝM;YANGIN GÜVENLÝÐI, GÜVENLÝK VE ÝÞ GÜVENLÝÐÝ;YAPI KÝMYASALLARI VE YALITIM;YAPI MALZEMELERÝ VE YAPIM SÝSTEMLERÝ
16;akdað mi?neral taþyünü;https://www.akdagtasyunu.com; CEPHE VE ÇATI;SERAMÝK VE DOÐAL TAÞ;YAPI KÝMYASALLARI VE YALITIM;;
17;akki?m yapi ki?myasallari;http://www.akkim.net; YAPI KÝMYASALLARI VE YALITIM;;;;
18;aksan þömi?ne barbekü san. ti?c. ltd. þti?.;http://www.aksansomine.com.tr; BÝNA ÝÇÝ TASARIM VE DEKORASYON;;;;
19;akyüzler i?nþaat malzemeleri? san.ti?c.ltd.þti?.;NaN;;;;;
20;alamana yapi malzemleri san. ve tic ltd;http://www.alamana.com.tr; YAPI KÝMYASALLARI VE YALITIM;;;;
21;alfa07 orman ürünleri? san. ve ti?c. ltd. þti?.;http://www.alfa07.com.tr; MAKÝNE, EKÝPMAN VE BÝLÝÞÝM;;;;
22;alpha machinery maki?ne i?malati san.ti?c.ltd.þti?.;http://www.alphamachinerymakina.com; PENCERE VE PROFÝL SÝSTEMLERÝ;YAPI MALZEMELERÝ VE YAPIM SÝSTEMLERÝ;;;
23;altai? yapi endüstri? a.þ.;NaN;;;;;
24;alternati?f yayincilik tanitim hi?zm. san. ve ti?c. ltd. þti?.;http://www.alternatifyayincilik.com; HÝZMETLER;;;;
25;aluç ahþap yapi ve yapi malzemeleri? a.þ.;https://www.alucahsap.com; YAPI MALZEMELERÝ VE YAPIM SÝSTEMLERÝ;;;;
26;alutem - aluminium profiles;http://www.alutem.com.tr; CEPHE VE ÇATI;KAPI, GEÇÝÞ, AKTARIM VE BÝNA OTOMASYON SÝSTEMLERÝ;PENCERE VE PROFÝL SÝSTEMLERÝ;;
27;anadolu bant - bayroller;http://www.bayroller.com; NALBURÝYE VE EL ALETLERÝ;YAPI KÝMYASALLARI VE YALITIM;;;
28;anas metal i?nþ ve otom. san. ti?c. ltd. þti?.;https://www.anasmetal.com;;;;;
29;ankara albayrak maki?na müh. asansör i?skele san. ve ti?c. ltd.þti?.;https://www.albayrakmakina.com.tr; MAKÝNE, EKÝPMAN VE BÝLÝÞÝM;;;;
30;anping county jingzhi wire mesh products co., ltd.;http://www.fiberglasswiremesh.com; CEPHE VE ÇATI;SERAMÝK VE DOÐAL TAÞ;YAPI KÝMYASALLARI VE YALITIM;;
31;apaydin metal ürünleri? san. ti?c. a.þ.;http://www.apaydinmetal.com.tr; ÇEVRE DÜZENLEME VE KENTSEL TASARIM;ISITMA, HAVALANDIRMA, ÝKLÝMLENDÝRME, SU TEKNOLOJÝLERÝ VE ENERJÝ;NALBURÝYE VE EL ALETLERÝ;;
32;aquatex yapi ki?myasallari i?nþ. üret. ve paz. san. ti?c. ltd. þti?.;http://www.aquatex.com.tr; CEPHE VE ÇATI;HÝZMETLER;YAPI KÝMYASALLARI VE YALITIM;YAPI MALZEMELERÝ VE YAPIM SÝSTEMLERÝ;
33;aradsan maki?na i?malat san. ti?c. ltd. þti?.;http://ARADSAN.COM; MAKÝNE, EKÝPMAN VE BÝLÝÞÝM;SERAMÝK VE DOÐAL TAÞ;YAPI MALZEMELERÝ VE YAPIM SÝSTEMLERÝ;;
34;aral toprak kömür ve nakl. i?th. i?hr. san. ti?c. ltd. þti?.;NaN;;;;;
35;arbor ahþap ürünleri?;http://www.arbor.com.tr; NALBURÝYE VE EL ALETLERÝ;PENCERE VE PROFÝL SÝSTEMLERÝ;YAPI KÝMYASALLARI VE YALITIM;;
36;arfen alümi?nyum san. ve ti?c. a.þ.;http://www.arfenaluminyum.com.tr; CEPHE VE ÇATI;KAPI, GEÇÝÞ, AKTARIM VE BÝNA OTOMASYON SÝSTEMLERÝ;MAKÝNE, EKÝPMAN VE BÝLÝÞÝM;PENCERE VE PROFÝL SÝSTEMLERÝ;
37;arfen i?nþ. taah. san. ve ti?c. a.þ.;https://www.arfen.com; HÝZMETLER;PENCERE VE PROFÝL SÝSTEMLERÝ;YAPI MALZEMELERÝ VE YAPIM SÝSTEMLERÝ;ZEMÝN KAPLAMALARI VE DÖÞEME SÝSTEMLERÝ;
38;arfen köprü ve yapi teknoloji?leri? san. ti?c. ltd. þti?.;http://www.arfen.com.tr; HÝZMETLER;MAKÝNE, EKÝPMAN VE BÝLÝÞÝM;YAPI MALZEMELERÝ VE YAPIM SÝSTEMLERÝ;;
39;arg mekani?k mühendi?sli?k baca san. ve ti?c. ltd. þti?.;http://www.argmekanik.com; BANYO, MUTFAK, HAVUZ VE SPA;ISITMA, HAVALANDIRMA, ÝKLÝMLENDÝRME, SU TEKNOLOJÝLERÝ VE ENERJÝ;;;
40;arkitech;http://www.arkitech.com.tr; HÝZMETLER;MAKÝNE, EKÝPMAN VE BÝLÝÞÝM;YAPI MALZEMELERÝ VE YAPIM SÝSTEMLERÝ;;
41;armaðan orman ürünleri? turz. i?nþ. san.ve ti?c.a.þ.;http://www.armaganas.com; CEPHE VE ÇATI;ÇEVRE DÜZENLEME VE KENTSEL TASARIM;YAPI MALZEMELERÝ VE YAPIM SÝSTEMLERÝ;ZEMÝN KAPLAMALARI VE DÖÞEME SÝSTEMLERÝ;
42;arsan kauçuk plasti?k maki?na sanayi? ve ti?caret a.þ.;NaN;;;;;
43;arslanli alçi ve hammaddeleri? san. ti?c. a.þ.;NaN;;;;;
44;as plasti?k san. ti?c. ltd. þti?.;http://www.asplastik.net; BÝNA ÝÇÝ TASARIM VE DEKORASYON;PENCERE VE PROFÝL SÝSTEMLERÝ;YAPI MALZEMELERÝ VE YAPIM SÝSTEMLERÝ;;
45;asder asansör sanayi?ci?leri? derneði?;http://www.asder.org; HÝZMETLER;KAPI, GEÇÝÞ, AKTARIM VE BÝNA OTOMASYON SÝSTEMLERÝ;;;
46;asia home;http://www.hncyapi.com; BÝNA ÝÇÝ TASARIM VE DEKORASYON;HÝZMETLER;YAPI MALZEMELERÝ VE YAPIM SÝSTEMLERÝ;;
47;astekni?k mühendi?sli?k;http://www.asteknik.com; BOYALAR VE BÝTÝRME;PENCERE VE PROFÝL SÝSTEMLERÝ;YAPI KÝMYASALLARI VE YALITIM;ZEMÝN KAPLAMALARI VE DÖÞEME SÝSTEMLERÝ;
48;aydemi?rler gergi? tavan;http://www.aydemirlergergitavan.com; BÝNA ÝÇÝ TASARIM VE DEKORASYON;;;;
49;ayes çeli?k hasir ve çi?t san. a.þ.;http://www.ayescelik.com; YAPI MALZEMELERÝ VE YAPIM SÝSTEMLERÝ;;;;
50;ayrinti reklamcilik metal dekorasyon ti?c. ltd þti?.;http://www.ayrintireklam.com.tr; ÇEVRE DÜZENLEME VE KENTSEL TASARIM;MAKÝNE, EKÝPMAN VE BÝLÝÞÝM;;;
51;azgen turi?zm san. ve ti?c. ltd. þti?.;http://www.mervaks.com; BÝNA ÝÇÝ TASARIM VE DEKORASYON;HÝZMETLER;;;
52;baba yapi san. ti?c. a.þ;NaN;;;;;
53;baksan ambalaj ve ki?myevi? maddeler san ti?c ltd þti?;NaN;;;;;
54;baþat teksti?l i?nþ.ve i?nþ.malz.i?zo.san.diþ ti?c.ltd.þti?.;http://www.watershield.com.tr; BANYO, MUTFAK, HAVUZ VE SPA;CEPHE VE ÇATI;YAPI KÝMYASALLARI VE YALITIM;;
55;baþoðlu orman ürünleri? san. ve ti?c. a.þ.;NaN;;;;;
56;bati þömi?ne ltd. þti?;NaN;;;;;
57;baumees yapi ki?myasallari anoni?m þi?rketi?;http://www.baumees.com.tr; YAPI KÝMYASALLARI VE YALITIM;YAPI MALZEMELERÝ VE YAPIM SÝSTEMLERÝ;;;
58;bekaert i?zmi?t çeli?k kord sanayi? ve ti?caret aþ.;http://www.bekaert.com; YAPI MALZEMELERÝ VE YAPIM SÝSTEMLERÝ;;;;
59;bemaks metal i?nþ. i?mal. san. ve ti?c. a.þ.;http://www.bemaxmetal.com.tr; HÝZMETLER;MAKÝNE, EKÝPMAN VE BÝLÝÞÝM;YAPI MALZEMELERÝ VE YAPIM SÝSTEMLERÝ;;
60;bese metal ürün. i?nþ. taah. plast. ti?c. ve san. ltd. þti?.;NaN;;;;;
61;beþel cam pvc i?nþ. san. ve ti?c. ltd. þti?.;https://www.gardellagarden.com; BÝNA ÝÇÝ TASARIM VE DEKORASYON;KAPI, GEÇÝÞ, AKTARIM VE BÝNA OTOMASYON SÝSTEMLERÝ;PENCERE VE PROFÝL SÝSTEMLERÝ;;
62;beton asfalti s.r.l.;https://www.betonasfalti.it; HÝZMETLER;YAPI MALZEMELERÝ VE YAPIM SÝSTEMLERÝ;;;
63;beysan alaybeyoðlu i?nþ.mad.san ve ti?c a.þ.;NaN;;;;;
64;biçakçilar laminat ve orman ürünleri? san. ti?c. ltd. þti?.;NaN;;;;;
65;bi?lsan kauçuk plasti?k san. ve ti?c. a.þ.;http://www.bilsan-eva.com; YAPI KÝMYASALLARI VE YALITIM;ZEMÝN KAPLAMALARI VE DÖÞEME SÝSTEMLERÝ;;;
66;biotel srl;http://www.biotel.ro; AYDINLATMA VE ELEKTRÝK;;;;
67;bi?rli?k tel örme i?nþ. nak. mak. san. ti?c. ltd.þti?.;http://www.birliktel.com.tr; ÇEVRE DÜZENLEME VE KENTSEL TASARIM;;;;
68;bosti?k ki?mya sanayi? ve ti?caret a.þ.;https://www.bostik.com; YAPI KÝMYASALLARI VE YALITIM;;;;
69;boyut çeli?k kapi dekorasyon mob. i?nþ. san. ti?c. ltd. þti?.;http://www.boyutcompany.com; KAPI, GEÇÝÞ, AKTARIM VE BÝNA OTOMASYON SÝSTEMLERÝ;YANGIN GÜVENLÝÐI, GÜVENLÝK VE ÝÞ GÜVENLÝÐÝ;;;
70;brango çeli?k kapi san. ve ti?c. ltd. þti?.;NaN;;;;;
71;brodecor yapi malzemeleri? diþ ti?c. ltd. þti?.;http://www.brodecor.net; BÝNA ÝÇÝ TASARIM VE DEKORASYON;ZEMÝN KAPLAMALARI VE DÖÞEME SÝSTEMLERÝ;;;
72;buildingsmart türki?ye;http://www.buildingsmartturkiye.org; HÝZMETLER;;;;
73;burak galvani?z;http://www.burakgalvaniz.com; BOYALAR VE BÝTÝRME;CEPHE VE ÇATI;YAPI KÝMYASALLARI VE YALITIM;YAPI MALZEMELERÝ VE YAPIM SÝSTEMLERÝ;
74;bytech boya ve yapi ki?myasallari? san. ve ti?c.ltd.þti?;http://www.bytechboya.com.tr; BOYALAR VE BÝTÝRME;YAPI KÝMYASALLARI VE YALITIM;ZEMÝN KAPLAMALARI VE DÖÞEME SÝSTEMLERÝ;;
75;çaðri tel çi?t hafri?yat emlak i?nþ. ti?c. san. ve ltd. þti?.;http://www.cagritelcit.com; ÇEVRE DÜZENLEME VE KENTSEL TASARIM;;;;
76;çaðsan merdi?ven ve eri?þi?m eki?pmanlari;https://www.cagsanmerdiven.com; MAKÝNE, EKÝPMAN VE BÝLÝÞÝM;;;;
77;çapar yapi i?nþaat yalitim san. ve ti?c. ltd;http://www.caparyapi.com.tr; HÝZMETLER;MAKÝNE, EKÝPMAN VE BÝLÝÞÝM;NALBURÝYE VE EL ALETLERÝ;;
78;caran ki?mya san. ve ti?c. ltd. þti?.;https://www.carankimya.com;;;;;
79;cemaks mühendi?sli?k mak. i?nþ. i?mal. san. ve ti?c. a.þ.;http://www.cemaxmuhendislik.com.tr; MAKÝNE, EKÝPMAN VE BÝLÝÞÝM;YAPI MALZEMELERÝ VE YAPIM SÝSTEMLERÝ;;;
80;çeti?n mühendi?sli?k maki?ne elektri?k i?nþaat tesi?sat taahhüt ti?c. ve san. ltd. þti?.;http://www.cetinmuhendislik.com.tr; ISITMA, HAVALANDIRMA, ÝKLÝMLENDÝRME, SU TEKNOLOJÝLERÝ VE ENERJÝ;MAKÝNE, EKÝPMAN VE BÝLÝÞÝM;YAPI KÝMYASALLARI VE YALITIM;ZEMÝN KAPLAMALARI VE DÖÞEME SÝSTEMLERÝ;
81;çetka dekorati?f taþ i?nþ. taah. i?th. i?hr. san. ti?c. ltd. þti?.;NaN;;;;;
82;ceylan branda san.ti?c.ltd.þti?.;http://www.ceylanbranda.com; ÇEVRE DÜZENLEME VE KENTSEL TASARIM;;;;
83;ceylanlar perfore;http://www.ceylanlarmetal.com; CEPHE VE ÇATI;;;;
84;changzhou titan decoration materials co., ltd.;https://www.titanflor.com; HÝZMETLER;YANGIN GÜVENLÝÐI, GÜVENLÝK VE ÝÞ GÜVENLÝÐÝ;YAPI MALZEMELERÝ VE YAPIM SÝSTEMLERÝ;ZEMÝN KAPLAMALARI VE DÖÞEME SÝSTEMLERÝ;
85;chaozhou chaoan dayao bathroom equipment industrial co.,ltd;http://www.dayao-china.com; BANYO, MUTFAK, HAVUZ VE SPA;;;;
86;ci?han mert taþdelen;https://cihanlar.com.tr/; ÇEVRE DÜZENLEME VE KENTSEL TASARIM;;;;
87;çks ki?mya sanayi? ve ti?caret aþ.;NaN;;;;;
88;clever polymers ve yapi ki?myasallari a.þ.;http://www.cleverpolymers.com; YAPI KÝMYASALLARI VE YALITIM;;;;
89;cnbm international corporation;http://www.icnbm.com; BOYALAR VE BÝTÝRME;CEPHE VE ÇATI;SERAMÝK VE DOÐAL TAÞ;YAPI MALZEMELERÝ VE YAPIM SÝSTEMLERÝ;
90;cohui adhesive;http://www.cohui.cn; BANYO, MUTFAK, HAVUZ VE SPA;SERAMÝK VE DOÐAL TAÞ;YAPI KÝMYASALLARI VE YALITIM;;
91;concertina razor wire ji?letli? tel panel çi?t metal mak. i?nþ gida i?th. i?hr. san. ti?c. ltd. þti?.;NaN;;;;;
92;cr endüstri? gayri?menkul san. ve ti?c. ltd. þti?.;http://crendustri.com; ÇEVRE DÜZENLEME VE KENTSEL TASARIM;;;;
93;damli mekatronik si?stemleri? i?nþ. yapi malz. i?ma. i?th. i?hr. ve gida san. ti?c. ltd. þti?.;NaN;;;;;
94;decker - composite construction materials;http://www.deck-er.com; KAPI, GEÇÝÞ, AKTARIM VE BÝNA OTOMASYON SÝSTEMLERÝ;YAPI MALZEMELERÝ VE YAPIM SÝSTEMLERÝ;ZEMÝN KAPLAMALARI VE DÖÞEME SÝSTEMLERÝ;;
95;deco ala poli?üretan üreti?m ve dekorasyon si?stemleri? san. ti?c. ltd. þti?.;https://www.decoala.com; BÝNA ÝÇÝ TASARIM VE DEKORASYON;BOYALAR VE BÝTÝRME;HÝZMETLER;ZEMÝN KAPLAMALARI VE DÖÞEME SÝSTEMLERÝ;
96;deko vi?zyon poli?üretan yapi ürünleri?;http://www.dekovizyon.com; BÝNA ÝÇÝ TASARIM VE DEKORASYON;CEPHE VE ÇATI;HÝZMETLER;;
97;dekoni?l i?ç ve diþ ti?c.ltd.þti?.;http://www.dekonil.com; BÝNA ÝÇÝ TASARIM VE DEKORASYON;HÝZMETLER;;;
98;dekopol ki?mya i?nþ. mi?marlik müh. nakli?ye emlak trz. san. ve ti?c. ltd. þti?.;NaN;;;;;
99;dekorafence plasti?k san. ti?c. ltd. þti?.;https://www.dekorafence.com; ÇEVRE DÜZENLEME VE KENTSEL TASARIM;;;;
100;demi?rci? maki?na;http://www.demircimakina.com.tr; MAKÝNE, EKÝPMAN VE BÝLÝÞÝM;;;;
101;demi?rhan tel mamulleri? i?nþ. gida ve plasti?k san. ti?c. ltd. þti?.;http://www.demirhan.com.tr; ÇEVRE DÜZENLEME VE KENTSEL TASARIM;ZEMÝN KAPLAMALARI VE DÖÞEME SÝSTEMLERÝ;;;
102;deprem i?zolasyon derneði?;http://www.did.org.tr; HÝZMETLER;YAPI MALZEMELERÝ VE YAPIM SÝSTEMLERÝ;;;
103;derby ki?mya san. ve ti?c. a.þ.;http://www.derbykimya.com; YAPI KÝMYASALLARI VE YALITIM;;;;
104;derevo diþ ti?c. a.þ.;NaN;;;;;
105;desen rulo sanayi? ve ti?caret li?mi?ted þi?rketi?;NaN;;;;;
106;di?zayn tekni?k boru ve elemanlari san. ve ti?c. a.þ.;https://www.dizayngrup.com;;;;;
107;doðuþ firça turi?zm i?nþ. san. ve ti?c. ltd. þti?.;NaN;;;;;
108;dönem maki?na (dmmet group);http://www.dmmet.com; CEPHE VE ÇATI;MAKÝNE, EKÝPMAN VE BÝLÝÞÝM;;;
109;dongguan hongfa steel structure mats. co.,ltd;http://www.hf-steel.com; CEPHE VE ÇATI;YAPI MALZEMELERÝ VE YAPIM SÝSTEMLERÝ;;;
110;dorset yapi san. ti?c. ltd. þti?.;NaN;;;;;
111;dörtdi?van çerçeve ve macun san.ti?c.ltd.þti?.;http://www.dortdivan.com; BÝNA ÝÇÝ TASARIM VE DEKORASYON;BOYALAR VE BÝTÝRME;ZEMÝN KAPLAMALARI VE DÖÞEME SÝSTEMLERÝ;;
112;downwaste urban disposal solutions;http://www.downwaste.com; KAPI, GEÇÝÞ, AKTARIM VE BÝNA OTOMASYON SÝSTEMLERÝ;MAKÝNE, EKÝPMAN VE BÝLÝÞÝM;YANGIN GÜVENLÝÐI, GÜVENLÝK VE ÝÞ GÜVENLÝÐÝ;;
113;duplas mantar / ducork;http://www.duplas.com.tr; YAPI KÝMYASALLARI VE YALITIM;ZEMÝN KAPLAMALARI VE DÖÞEME SÝSTEMLERÝ;;;
114;düzce cam sanayi? ve ti?c. a.þ.;NaN;;;;;
115;eb i?thalat taahhüt i?nþ. malz. san. ti?c. ltd.þti?.;https://www.ebyapi.com;;;;;
116;ecolight ltd.;https://www.tumov.pro; YANGIN GÜVENLÝÐI, GÜVENLÝK VE ÝÞ GÜVENLÝÐÝ;;;;
117;efece galvani?z demi?r çeli?k sanayi? ve ti?caret a.þ.;http://www.efecegalvaniz.com; CEPHE VE ÇATI;MAKÝNE, EKÝPMAN VE BÝLÝÞÝM;PENCERE VE PROFÝL SÝSTEMLERÝ;YAPI MALZEMELERÝ VE YAPIM SÝSTEMLERÝ;
118;efece yapi ki?myasallari alümi?nyum ti?c. ve san. ltd. þti?.;NaN;;;;;
119;efectis era avrasya test ve belgelendi?rme a.þ.;https://www.efectis.com; YANGIN GÜVENLÝÐI, GÜVENLÝK VE ÝÞ GÜVENLÝÐÝ;;;;
120;egeli?plast plasti?k;http://www.egeliplast.com.tr; CEPHE VE ÇATI;PENCERE VE PROFÝL SÝSTEMLERÝ;YAPI MALZEMELERÝ VE YAPIM SÝSTEMLERÝ;;
121;egepanel endüstri? anoni?m þi?rketi?;https://www.egepanel.com.tr; CEPHE VE ÇATI;YAPI MALZEMELERÝ VE YAPIM SÝSTEMLERÝ;;;
122;eki?p spor eki?pmanlari;http://www.ekipspor.com.tr; ÇEVRE DÜZENLEME VE KENTSEL TASARIM;ZEMÝN KAPLAMALARI VE DÖÞEME SÝSTEMLERÝ;;;
123;ekon cam si?stemleri? san. ti?c. ltd. þti?.;NaN;;;;;
124;ekþi?oðlu kanek i?nþ. metal san.ve ti?c. ltd. þti?.;http://www.kanek.com.tr; ÇEVRE DÜZENLEME VE KENTSEL TASARIM;KAPI, GEÇÝÞ, AKTARIM VE BÝNA OTOMASYON SÝSTEMLERÝ;;;
125;elba bant san.ti?c.a.þ.;http://www.elbabant.com; BOYALAR VE BÝTÝRME;CEPHE VE ÇATI;YAPI KÝMYASALLARI VE YALITIM;;
126;elbe endustri san. ve tic. a.s.;NaN;;;;;
127;elex diþ ti?caret san. ve ti?c. ltd. þti?.;http://www.elexlaminat.com.tr; BÝNA ÝÇÝ TASARIM VE DEKORASYON;KAPI, GEÇÝÞ, AKTARIM VE BÝNA OTOMASYON SÝSTEMLERÝ;;;
128;elf grup asansör san. ti?c. fati?h þahi?n;https://www.elfasansor.com; KAPI, GEÇÝÞ, AKTARIM VE BÝNA OTOMASYON SÝSTEMLERÝ;;;;
129;emek kapi si?stemleri?;http://www.emekkapi.com; KAPI, GEÇÝÞ, AKTARIM VE BÝNA OTOMASYON SÝSTEMLERÝ;YANGIN GÜVENLÝÐI, GÜVENLÝK VE ÝÞ GÜVENLÝÐÝ;;;
130;enolgas bonomi s.p.a.;https://www.enolgas.it; ISITMA, HAVALANDIRMA, ÝKLÝMLENDÝRME, SU TEKNOLOJÝLERÝ VE ENERJÝ;;;;
131;epsder - eps sanayi? derneði?;http://www.epsder.org.tr; CEPHE VE ÇATI;YAPI KÝMYASALLARI VE YALITIM;;;
132;epsi?lon-trimbox;http://www.epsilon.tc; AYDINLATMA VE ELEKTRÝK;BÝNA ÝÇÝ TASARIM VE DEKORASYON;YANGIN GÜVENLÝÐI, GÜVENLÝK VE ÝÞ GÜVENLÝÐÝ;;
133;epsmaki?na elk. elekt. i?nþ. san. ti?c. ltd. þti?.;http://www.epsmakine.com; HÝZMETLER;MAKÝNE, EKÝPMAN VE BÝLÝÞÝM;;;
134;ergüven el aletleri? - mehmet erkan erkurt;www.erguvenelaletleri.com; NALBURÝYE VE EL ALETLERÝ;;;;
135;erkan mi?marlik i?nþ. dek. ve ti?c. ltd.þti?;http://www.erkanltd.com; CEPHE VE ÇATI;HÝZMETLER;YAPI MALZEMELERÝ VE YAPIM SÝSTEMLERÝ;;
136;er-mo nalburi?ye;http://www.ermo.com.tr; BÝNA ÝÇÝ TASARIM VE DEKORASYON;CEPHE VE ÇATI;NALBURÝYE VE EL ALETLERÝ;;
137;eska metal san. ti?c. ltd. þti?.;http://www.eskametal.com; CEPHE VE ÇATI;;;;
138;eski?taþ mühendi?sli?k i?nþ. ve i?nþ. malz. mobi?lya nakl. an. ti?c. ltd. þti?.;NaN;;;;;
139;eurostep;http://www.cakmakmetal.com; BÝNA ÝÇÝ TASARIM VE DEKORASYON;BOYALAR VE BÝTÝRME;MAKÝNE, EKÝPMAN VE BÝLÝÞÝM;NALBURÝYE VE EL ALETLERÝ;PENCERE VE PROFÝL SÝSTEMLERÝ
140;everest çeli?k kapi san. ti?c. ltd.þti?.;https://www.everestkapi.com.tr; KAPI, GEÇÝÞ, AKTARIM VE BÝNA OTOMASYON SÝSTEMLERÝ;YANGIN GÜVENLÝÐI, GÜVENLÝK VE ÝÞ GÜVENLÝÐÝ;;;
141;evo çi?t si?stemleri? san. ve ti?c. ltd. þti?;http://www.evocit.com; ÇEVRE DÜZENLEME VE KENTSEL TASARIM;;;;
142;ezgi? yayincilik;http://www.insaatdunyasi.com.tr; HÝZMETLER;;;;
143;ezi?s i?nþaat san. ti?c. ltd. þti?.;http://www.tr-stones.com; SERAMÝK VE DOÐAL TAÞ;;;;
144;f&m universal company i?ç ve diþ ti?caret ltd. þti?.;http://www.panoramiknanomermer.com; HÝZMETLER;SERAMÝK VE DOÐAL TAÞ;;;
145;fati?h ferforje;http://www.fatih.com.tr; BÝNA ÝÇÝ TASARIM VE DEKORASYON;BOYALAR VE BÝTÝRME;ÇEVRE DÜZENLEME VE KENTSEL TASARIM;KAPI, GEÇÝÞ, AKTARIM VE BÝNA OTOMASYON SÝSTEMLERÝ;
146;fd grup maki?na;http://www.fd-grup.com; HÝZMETLER;MAKÝNE, EKÝPMAN VE BÝLÝÞÝM;NALBURÝYE VE EL ALETLERÝ;;
147;fence company a.þ.;http://www.fenceas.com; ÇEVRE DÜZENLEME VE KENTSEL TASARIM;YAPI MALZEMELERÝ VE YAPIM SÝSTEMLERÝ;;;
148;ferplast plasti?k ferforje si?stemleri?;http://www.ferplast.com.tr; ÇEVRE DÜZENLEME VE KENTSEL TASARIM;KAPI, GEÇÝÞ, AKTARIM VE BÝNA OTOMASYON SÝSTEMLERÝ;;;
149;fineagles advanced engineering;http://www.fineagles.com; MAKÝNE, EKÝPMAN VE BÝLÝÞÝM;;;;
150;flekssi?t büro mobi?lyalari san. ti?c. a.þ.;http://www.flekssit.com.tr; BÝNA ÝÇÝ TASARIM VE DEKORASYON;;;;
151;floteks plasti?k san. ti?c. a.þ.;https://www.subterra.com.tr;;;;;
152;fms tesi?s ve yöneti?m hi?zmetleri? san. ve ti?c. a. þ.;NaN;;;;;
153;form endüstri? tesi?sleri?;http://www.formfabrika.com; AYDINLATMA VE ELEKTRÝK;CEPHE VE ÇATI;ISITMA, HAVALANDIRMA, ÝKLÝMLENDÝRME, SU TEKNOLOJÝLERÝ VE ENERJÝ;PENCERE VE PROFÝL SÝSTEMLERÝ;YANGIN GÜVENLÝÐI, GÜVENLÝK VE ÝÞ GÜVENLÝÐÝ
154;fuji? mühendi?sli?k i?nþaat san. ve ti?c. a.þ.;https://www.fujiengineering.com; YAPI MALZEMELERÝ VE YAPIM SÝSTEMLERÝ;;;;
155;gemon gida i?ç ve diþ san. ti?c. ltd. þti?;http://www.gemonltd.com;;;;;
156;gençler tel üreti?m paz. ti?c. ltd. þti?.;NaN;;;;;
157;geoclay madenci?li?k i?th. i?hr. san. ve ti?c. ltd. þti?.;NaN;;;;;
158;geomas geokompozi?t san. müh. ti?c. a.þ.;http://www.geomas.com.tr; HÝZMETLER;YAPI KÝMYASALLARI VE YALITIM;ZEMÝN KAPLAMALARI VE DÖÞEME SÝSTEMLERÝ;;
159;geoser yapi yalitim i?nþ. taah. otom. i?th.i?hr.san. ve ti?c. ltd. þti?.;http://www.geoser.com.tr; YAPI KÝMYASALLARI VE YALITIM;YAPI MALZEMELERÝ VE YAPIM SÝSTEMLERÝ;ZEMÝN KAPLAMALARI VE DÖÞEME SÝSTEMLERÝ;;
160;gerb schwingungsisolierungen gmbh & co. kg;NaN;;;;;
161;global enterprise sunforge i?ç ve diþ ti?c. ltd. þti?.;NaN;;;;;
162;goldfi?x yapi ki?myasallari a.þ.;https://www.goldfix.com.tr;;;;;
163;gootrend sanal maðazacilik ve elektroni?k a.þ.;http://www.gooplast.com; ISITMA, HAVALANDIRMA, ÝKLÝMLENDÝRME, SU TEKNOLOJÝLERÝ VE ENERJÝ;MAKÝNE, EKÝPMAN VE BÝLÝÞÝM;YAPI MALZEMELERÝ VE YAPIM SÝSTEMLERÝ;ZEMÝN KAPLAMALARI VE DÖÞEME SÝSTEMLERÝ;
164;grand çeli?k kapi;http://www.grandcelikkapi.com; KAPI, GEÇÝÞ, AKTARIM VE BÝNA OTOMASYON SÝSTEMLERÝ;MAKÝNE, EKÝPMAN VE BÝLÝÞÝM;YANGIN GÜVENLÝÐI, GÜVENLÝK VE ÝÞ GÜVENLÝÐÝ;;
165;gurbetçi?ler plasti?k san. ve ti?caret a. þ.;http://www.gurbetciler.com.tr; ÇEVRE DÜZENLEME VE KENTSEL TASARIM;PENCERE VE PROFÝL SÝSTEMLERÝ;YAPI MALZEMELERÝ VE YAPIM SÝSTEMLERÝ;ZEMÝN KAPLAMALARI VE DÖÞEME SÝSTEMLERÝ;
166;gürdað trading & industry ltd;https://www.gurdagbrick.com; BÝNA ÝÇÝ TASARIM VE DEKORASYON;CEPHE VE ÇATI;ÇEVRE DÜZENLEME VE KENTSEL TASARIM;SERAMÝK VE DOÐAL TAÞ;YAPI MALZEMELERÝ VE YAPIM SÝSTEMLERÝ
167;gürdal çeli?k kapi a.þ.;http://www.gurdalkapi.com.tr; KAPI, GEÇÝÞ, AKTARIM VE BÝNA OTOMASYON SÝSTEMLERÝ;MAKÝNE, EKÝPMAN VE BÝLÝÞÝM;YANGIN GÜVENLÝÐI, GÜVENLÝK VE ÝÞ GÜVENLÝÐÝ;;
168;halat branda san ti?c aþ;http://www.halatbranda.com.tr; ÇEVRE DÜZENLEME VE KENTSEL TASARIM;MAKÝNE, EKÝPMAN VE BÝLÝÞÝM;YAPI MALZEMELERÝ VE YAPIM SÝSTEMLERÝ;ZEMÝN KAPLAMALARI VE DÖÞEME SÝSTEMLERÝ;
169;han poli?karbon i?nþaat san. ve ti?c. a.þ.;NaN;;;;;
170;han þömi?ne ve baca si?stemleri? i?nþ. san. ti?c. a.þ.;https://www.hansomine.com; BÝNA ÝÇÝ TASARIM VE DEKORASYON;;;;
171;hare grup ahþap yapi si?st. i?nþ. taah. san. ti?c. ltd. þti?.;http://www.haregrup.com.tr; PENCERE VE PROFÝL SÝSTEMLERÝ;YAPI MALZEMELERÝ VE YAPIM SÝSTEMLERÝ;ZEMÝN KAPLAMALARI VE DÖÞEME SÝSTEMLERÝ;;
172;hasan onalt sanayi? ltd.;http://www.onaltgroup.com; BOYALAR VE BÝTÝRME;YAPI KÝMYASALLARI VE YALITIM;;;
173;haþep entegre orman ürünleri? san. ve ti?c. a.þ.;http://www.hasepentegre.com.tr; BANYO, MUTFAK, HAVUZ VE SPA;YAPI MALZEMELERÝ VE YAPIM SÝSTEMLERÝ;ZEMÝN KAPLAMALARI VE DÖÞEME SÝSTEMLERÝ;;
174;haska çeli?k kapi ve mobilya san. ti?c. ltd. þti?.;https://www.haskacelikkapi.com; KAPI, GEÇÝÞ, AKTARIM VE BÝNA OTOMASYON SÝSTEMLERÝ;MAKÝNE, EKÝPMAN VE BÝLÝÞÝM;YANGIN GÜVENLÝÐI, GÜVENLÝK VE ÝÞ GÜVENLÝÐÝ;;
175;hc yassi metal ürünleri? san. ve ti?c. ltd. þti?.;NaN;;;;;
176;hebei jingao fiberglass products co.,ltd;http://www.jingaofiberglass.com; YAPI MALZEMELERÝ VE YAPIM SÝSTEMLERÝ;;;;
177;hg asma tavan ve yapi elen. san. ti?c. ltd. þti?.;NaN;;;;;
178;horoz demi?r san. ti?c. ltd.þti?.;http://www.horozdemir.com;;;;;
179;httf asma germe membran si?stemler;http://www.httf.com.tr; CEPHE VE ÇATI;ÇEVRE DÜZENLEME VE KENTSEL TASARIM;HÝZMETLER;YAPI MALZEMELERÝ VE YAPIM SÝSTEMLERÝ;
180;i?deal kabi?n / vega yapisal;https://www.vegayapisal.com.tr; BÝNA ÝÇÝ TASARIM VE DEKORASYON;ÇEVRE DÜZENLEME VE KENTSEL TASARIM;KAPI, GEÇÝÞ, AKTARIM VE BÝNA OTOMASYON SÝSTEMLERÝ;;
181;i?nanç bant;http://www.inancbant.com; CEPHE VE ÇATI;HÝZMETLER;YANGIN GÜVENLÝÐI, GÜVENLÝK VE ÝÞ GÜVENLÝÐÝ;YAPI KÝMYASALLARI VE YALITIM;
182;inohom akilli ev si?stemleri?;http://www.inohom.com; AYDINLATMA VE ELEKTRÝK;BÝNA ÝÇÝ TASARIM VE DEKORASYON;KAPI, GEÇÝÞ, AKTARIM VE BÝNA OTOMASYON SÝSTEMLERÝ;YANGIN GÜVENLÝÐI, GÜVENLÝK VE ÝÞ GÜVENLÝÐÝ;
183;iþik ahþap profi?l loji?sti?k san. ti?c. a.þ.;NaN;;;;;
184;iþik group;http://www.isikgroup.com; BÝNA ÝÇÝ TASARIM VE DEKORASYON;YAPI KÝMYASALLARI VE YALITIM;;;
185;iþiklar tuðla;https://www.isiklartugla.com.tr; CEPHE VE ÇATI;YANGIN GÜVENLÝÐI, GÜVENLÝK VE ÝÞ GÜVENLÝÐÝ;YAPI KÝMYASALLARI VE YALITIM;YAPI MALZEMELERÝ VE YAPIM SÝSTEMLERÝ;
186;i?s-ka i?skele & kalip;http://www.iskaiskele.com; MAKÝNE, EKÝPMAN VE BÝLÝÞÝM;YAPI MALZEMELERÝ VE YAPIM SÝSTEMLERÝ;;;
187;i?skele kalip sanayi?ci?leri? derneði? (i?ksd);http://www.iksd.com.tr; CEPHE VE ÇATI;;;;
188;isocover - ki?sbu group;http://www.kisbu.com; CEPHE VE ÇATI;YAPI KÝMYASALLARI VE YALITIM;;;
189;i?stanbul i?nþaatçilar derneði? i?kti?sadi? i?þletmesi?;NaN;;;;;
190;i?ston a. þ.;http://www.iston.istanbul; ÇEVRE DÜZENLEME VE KENTSEL TASARIM;MAKÝNE, EKÝPMAN VE BÝLÝÞÝM;;;
191;i?stweld hirdavat ti?c. ltd. þti?.;NaN;;;;;
192;itm kalip san. ve diþ ti?c. ltd. þti?.;http://itm-kalip.com.tr; MAKÝNE, EKÝPMAN VE BÝLÝÞÝM;NALBURÝYE VE EL ALETLERÝ;;;
193;i?zgüç pvc san. ve ti?c. a.þ.;NaN;;;;;
194;i?zofen plasti?k sanayi? ti?c. a.þ;https://www.izofen.com; YAPI KÝMYASALLARI VE YALITIM;;;;
195;i?zole ki?remi?t san. ve ti?c. a.þ.;http://www.izolekiremit.com.tr; CEPHE VE ÇATI;;;;
196;i?zopi?yer;http://www.izopiyer.com.tr; BÝNA ÝÇÝ TASARIM VE DEKORASYON;BOYALAR VE BÝTÝRME;CEPHE VE ÇATI;YAPI KÝMYASALLARI VE YALITIM;
197;i?zoplast hitech panel plasti?k diþ ti?c.a.þ.;http://www.izoplast.com.tr; CEPHE VE ÇATI;YAPI MALZEMELERÝ VE YAPIM SÝSTEMLERÝ;;;
198;jaguar plywood;http://www.jaguarexim.com; MAKÝNE, EKÝPMAN VE BÝLÝÞÝM;YAPI MALZEMELERÝ VE YAPIM SÝSTEMLERÝ;;;
199;java plasti?k san. ve ti?c. a.þ.;http://www.javaboru.com; BANYO, MUTFAK, HAVUZ VE SPA;ISITMA, HAVALANDIRMA, ÝKLÝMLENDÝRME, SU TEKNOLOJÝLERÝ VE ENERJÝ;YAPI MALZEMELERÝ VE YAPIM SÝSTEMLERÝ;;
200;ji?anan i?nþaat i?ç ve diþ ti?c. ltd.þti?;NaN;;;;;
201;jiangsu tianyu fibre co.,ltd;http://www.tyfibre.com; YAPI MALZEMELERÝ VE YAPIM SÝSTEMLERÝ;;;;
202;jiaoyang welding industries hebei co., ltd.;https://www.weldingmachine.cn; MAKÝNE, EKÝPMAN VE BÝLÝÞÝM;;;;
203;kanat el arabasi;http://www.kanat.com; BOYALAR VE BÝTÝRME;NALBURÝYE VE EL ALETLERÝ;;;
204;kapella baca i?nþaat san. ti?c. lt. þt.;http://www.kapellabaca.com; ISITMA, HAVALANDIRMA, ÝKLÝMLENDÝRME, SU TEKNOLOJÝLERÝ VE ENERJÝ;KAPI, GEÇÝÞ, AKTARIM VE BÝNA OTOMASYON SÝSTEMLERÝ;YANGIN GÜVENLÝÐI, GÜVENLÝK VE ÝÞ GÜVENLÝÐÝ;;
205;kaptaþ stone and mosaic doðaltaþ üreti?m pazarlama san. ti?c. ltd. þti?.;NaN;;;;;
206;kar plus i?nþ. mlz san. ve ti?c. ltd. þti?.;http://www.karplus.com.tr; BOYALAR VE BÝTÝRME;CEPHE VE ÇATI;YAPI KÝMYASALLARI VE YALITIM;;
207;karaoðullari yapi taah. gida tarim tur.taþ. san. i?ç ve diþ ti?c. ltd. þti?.;NaN;;;;;
208;karbomi?t poli?mer plasti?k san. ve ti?c. a.þ.;NaN;;;;;
209;karum bi?li?þi?m san. ti?c. ltd. þti?.;http://www.karumbilisim.com; KAPI, GEÇÝÞ, AKTARIM VE BÝNA OTOMASYON SÝSTEMLERÝ;MAKÝNE, EKÝPMAN VE BÝLÝÞÝM;;;
210;kayasu modüler sivi depolama si?stemleri? a.þ.;NaN;;;;;
211;kaygun çeli?k metal;http://www.kaygunmetal.com.tr; BÝNA ÝÇÝ TASARIM VE DEKORASYON;CEPHE VE ÇATI;YANGIN GÜVENLÝÐI, GÜVENLÝK VE ÝÞ GÜVENLÝÐÝ;YAPI MALZEMELERÝ VE YAPIM SÝSTEMLERÝ;ZEMÝN KAPLAMALARI VE DÖÞEME SÝSTEMLERÝ
212;keçeli? tel örgü ve panel çi?t si?stemleri?;http://www.kecelitelorgu.com; CEPHE VE ÇATI;KAPI, GEÇÝÞ, AKTARIM VE BÝNA OTOMASYON SÝSTEMLERÝ;YAPI MALZEMELERÝ VE YAPIM SÝSTEMLERÝ;;
213;kemerli? metal a.þ.;http://www.kemerix.com.tr; YAPI MALZEMELERÝ VE YAPIM SÝSTEMLERÝ;;;;
214;kermi?t plasti?k aþ.;http://www.kermitfloor.com; CEPHE VE ÇATI;ZEMÝN KAPLAMALARI VE DÖÞEME SÝSTEMLERÝ;;;
215;kirimci  metal form san. ti?c. a.þ.;NaN;;;;;
216;kivircik plasti?k san. ti?c. ltd. þti?.;http://www.kivircikpaspas.com.tr; ZEMÝN KAPLAMALARI VE DÖÞEME SÝSTEMLERÝ;;;;
217;köksal kardeþler i?nþ. malz. i?malat san. ti?c. ltd. þti?.;NaN;;;;;
218;kompozi?t sanayi?ci?leri? derneði?;http://www.kompozit.org.tr; HÝZMETLER;;;;
219;konak demi?r çeli?k san. ve ti?c. ltd. þti?.;http://www.konaktel.com.tr; ÇEVRE DÜZENLEME VE KENTSEL TASARIM;;;;
220;kopuzlar eva kauçuk ürünleri? geri? dönüþüm san. ve ti?c. a. þ.;https://www.kopuzlareva.com; YAPI KÝMYASALLARI VE YALITIM;;;;
221;kösedað tel örme a.þ.;http://www.kosedag.com.tr; ÇEVRE DÜZENLEME VE KENTSEL TASARIM;KAPI, GEÇÝÞ, AKTARIM VE BÝNA OTOMASYON SÝSTEMLERÝ;YANGIN GÜVENLÝÐI, GÜVENLÝK VE ÝÞ GÜVENLÝÐÝ;YAPI MALZEMELERÝ VE YAPIM SÝSTEMLERÝ;
222;köster yapi ki?myasallari a.þ.;http://www.koster.com.tr; CEPHE VE ÇATI;YAPI KÝMYASALLARI VE YALITIM;ZEMÝN KAPLAMALARI VE DÖÞEME SÝSTEMLERÝ;;
223;kozeli?ne;http://www.kozeline.com; BANYO, MUTFAK, HAVUZ VE SPA;BÝNA ÝÇÝ TASARIM VE DEKORASYON;KAPI, GEÇÝÞ, AKTARIM VE BÝNA OTOMASYON SÝSTEMLERÝ;ZEMÝN KAPLAMALARI VE DÖÞEME SÝSTEMLERÝ;
224;kule concept;http://www.kuleconcept.com; BÝNA ÝÇÝ TASARIM VE DEKORASYON;CEPHE VE ÇATI;YAPI MALZEMELERÝ VE YAPIM SÝSTEMLERÝ;;
225;kule i?nþaat proje taah ti?c ltd þti?;http://www.kuleconcept.com; BÝNA ÝÇÝ TASARIM VE DEKORASYON;CEPHE VE ÇATI;SERAMÝK VE DOÐAL TAÞ;YAPI MALZEMELERÝ VE YAPIM SÝSTEMLERÝ;
226;kumtel;http://www.kumtel.com; BANYO, MUTFAK, HAVUZ VE SPA;BÝNA ÝÇÝ TASARIM VE DEKORASYON;;;
227;ladi?k orman ürünleri? i?nþ. plasti?k san. ve ti?c. ltd.þti?.;http://ladix.com.tr; BÝNA ÝÇÝ TASARIM VE DEKORASYON;ZEMÝN KAPLAMALARI VE DÖÞEME SÝSTEMLERÝ;;;
228;lamasat group diþ. ti?c. san. ltd. þti?.;http://lamasatgrup.com; BÝNA ÝÇÝ TASARIM VE DEKORASYON;BOYALAR VE BÝTÝRME;CEPHE VE ÇATI;YAPI KÝMYASALLARI VE YALITIM;
229;langfang yuesen aluminum foil composite material co.,ltd.;http://www.lfyuesen.com; CEPHE VE ÇATI;ISITMA, HAVALANDIRMA, ÝKLÝMLENDÝRME, SU TEKNOLOJÝLERÝ VE ENERJÝ;MAKÝNE, EKÝPMAN VE BÝLÝÞÝM;YAPI KÝMYASALLARI VE YALITIM;YAPI MALZEMELERÝ VE YAPIM SÝSTEMLERÝ
230;liang-ping sanitary facility co., ltd.;NaN;;;;;
231;li?der dekorati?f demi?r ürün. nak. i?nþ. san. ti?c. ltd. þti?.;http://www.liderdekoratif.com; BÝNA ÝÇÝ TASARIM VE DEKORASYON;ÇEVRE DÜZENLEME VE KENTSEL TASARIM;HÝZMETLER;YAPI MALZEMELERÝ VE YAPIM SÝSTEMLERÝ;
232;limited liability partnership holz house;http://www.holz-house.ru; YAPI MALZEMELERÝ VE YAPIM SÝSTEMLERÝ;;;;
233;linyi zhongping industrial and trading co.,ltd;NaN;;;;;
234;litong int'l holdings (group) ltd.;https://www.ltcoatingcoil.com; YAPI MALZEMELERÝ VE YAPIM SÝSTEMLERÝ;;;;
235;llc marrob rus;https://www.marrob.ru;;;;;
236;lsk yapisal ahþap ve orman ürün. san. ti?c. ltd. þti?.;https://www.lsk.com.tr; ZEMÝN KAPLAMALARI VE DÖÞEME SÝSTEMLERÝ;;;;
237;luxell a.þ.;https://www.luxell.com.tr; BANYO, MUTFAK, HAVUZ VE SPA;;;;
238;maltepe demi?r;http://www.maltepedemir.com; YANGIN GÜVENLÝÐI, GÜVENLÝK VE ÝÞ GÜVENLÝÐÝ;YAPI MALZEMELERÝ VE YAPIM SÝSTEMLERÝ;;;
239;marselevator diþ ti?c. ve san. a.þ.;http://www.marselevator.com; KAPI, GEÇÝÞ, AKTARIM VE BÝNA OTOMASYON SÝSTEMLERÝ;;;;
240;masi?alux aydinlatma san. ve ti?c. a.þ.;https://www.masialux.com; AYDINLATMA VE ELEKTRÝK;;;;
241;master boya malzemeleri? sanayi? ve ti?caret a.þ.;http://www.masterchem.com.tr; NALBURÝYE VE EL ALETLERÝ;;;;
242;master epoksi? boya elekt. i?nþ. gida san. ve ti?c. ltd. þti?.;https://www.masterepoksi.com; YAPI KÝMYASALLARI VE YALITIM;ZEMÝN KAPLAMALARI VE DÖÞEME SÝSTEMLERÝ;;;
243;mayr-melnhof holz holding ag;http://www.mm-holz.com; MAKÝNE, EKÝPMAN VE BÝLÝÞÝM;YAPI MALZEMELERÝ VE YAPIM SÝSTEMLERÝ;;;
244;medmar stone;https://www.medmar.com.tr; SERAMÝK VE DOÐAL TAÞ;;;;
245;merkür gold;http://www.merkurgold.com; BOYALAR VE BÝTÝRME;YAPI KÝMYASALLARI VE YALITIM;;;
246;merlot mermer san. ti?c. a.þ.;https://www.merlotmermer.com;;;;;
247;mertoðlu kent mobi?lyalari a.þ.;http://www.mertoglu.com.tr; ÇEVRE DÜZENLEME VE KENTSEL TASARIM;;;;
248;metal20 demi?r çeli?k ve sanatsal ürünler san. ve ti?c. a.þ;http://www.metal20.com.tr; BÝNA ÝÇÝ TASARIM VE DEKORASYON;BOYALAR VE BÝTÝRME;ÇEVRE DÜZENLEME VE KENTSEL TASARIM;KAPI, GEÇÝÞ, AKTARIM VE BÝNA OTOMASYON SÝSTEMLERÝ;
249;metamar a.þ;http://www.metamarmarble.com; BANYO, MUTFAK, HAVUZ VE SPA;SERAMÝK VE DOÐAL TAÞ;;;
250;metapanel yapi elemanlari san. ve ti?c. a.þ.;https://www.metapanel.com.tr; CEPHE VE ÇATI;;;;
251;mete panel yapi si?s. tur. otom. i?nþ. taah. ve ti?c. ltd. þti?.;http://www.metepanel.com.tr; BOYALAR VE BÝTÝRME;HÝZMETLER;;;
252;metek yapi si?stemleri? san. ve ti?c. ltd.þti?.;NaN;;;;;
253;mht endustri? metal san ti?c ltd þti?;http://www.mhtendustri.com; MAKÝNE, EKÝPMAN VE BÝLÝÞÝM;;;;
254;mi?lpaþ plasti?k yapi malzemeleri? san. ve ti?c. a.þ.;https://www.milpas.com.tr;;;;;
255;mi?ltaþ i?nþ. ti?c. ve madenci?li?k ti?c. a.þ.;http://www.desentas.com.tr; ZEMÝN KAPLAMALARI VE DÖÞEME SÝSTEMLERÝ;;;;
256;mirka turkey zimpara ltd þti?;http://www.mirka.com.tr; NALBURÝYE VE EL ALETLERÝ;;;;
257;mkb çati si?stemleri?;http://www.mkbmetalkiremit.com; CEPHE VE ÇATI;;;;
258;mks metal kapi ve kepenk si?stemleri? san. ti?c. ltd. þti?.;http://www.mksmetal.com.tr; KAPI, GEÇÝÞ, AKTARIM VE BÝNA OTOMASYON SÝSTEMLERÝ;YANGIN GÜVENLÝÐI, GÜVENLÝK VE ÝÞ GÜVENLÝÐÝ;;;
259;mod tasarim a.þ.;https://www.modtasarim.com; BÝNA ÝÇÝ TASARIM VE DEKORASYON;HÝZMETLER;;;
260;msa spor ve kent eki?pmanlari san. ti?c. ltd. þti?.;NaN;;;;;
261;mwm technic;http://www.mwmtechnic.com; MAKÝNE, EKÝPMAN VE BÝLÝÞÝM;;;;
262;my kompozi?t ltd. þti?.;NaN; CEPHE VE ÇATI;ÇEVRE DÜZENLEME VE KENTSEL TASARIM;;;
263;namsa yapi malzemeleri? san. ti?c. ltd. þti?;https://www.namsa.com.tr;;;;;
264;natilon;https://www.natilon.com; KAPI, GEÇÝÞ, AKTARIM VE BÝNA OTOMASYON SÝSTEMLERÝ;;;;
265;nazan ulaþ;http://www.onnox.com.tr; CEPHE VE ÇATI;ÇEVRE DÜZENLEME VE KENTSEL TASARIM;ZEMÝN KAPLAMALARI VE DÖÞEME SÝSTEMLERÝ;;
266;nd umut elektroni?k metal plasti?k san.ve ti?c. ltd. þti?.;http://www.umutroofwindows.com; CEPHE VE ÇATI;MAKÝNE, EKÝPMAN VE BÝLÝÞÝM;PENCERE VE PROFÝL SÝSTEMLERÝ;;
267;nesa si?stem yapi i?nþ. san. i?ç ve diþ ti?c. aþ.;http://www.nesasistem.com; CEPHE VE ÇATI;YAPI KÝMYASALLARI VE YALITIM;;;
268;netfloor;https://www.netfloor.com.tr; BANYO, MUTFAK, HAVUZ VE SPA;YAPI MALZEMELERÝ VE YAPIM SÝSTEMLERÝ;ZEMÝN KAPLAMALARI VE DÖÞEME SÝSTEMLERÝ;;
269;nextors consult limited liability company;NaN;;;;;
270;ningbo heyuan magnetic industry co.,ltd;NaN;;;;;
271;normo metal;http://www.normo.com.tr; BANYO, MUTFAK, HAVUZ VE SPA;;;;
272;novawood;http://www.novawood.com; BÝNA ÝÇÝ TASARIM VE DEKORASYON;CEPHE VE ÇATI;YAPI MALZEMELERÝ VE YAPIM SÝSTEMLERÝ;ZEMÝN KAPLAMALARI VE DÖÞEME SÝSTEMLERÝ;
273;nt koçak metal san. tarim gida i?nþ. nak. tekst. san. ve ti?c. ltd. þti?.;NaN;;;;;
274;ntn plasti?k i?thalat i?hracat san. ti?c. ltd. þti?.;http://www.pvcasmatavan.net; BOYALAR VE BÝTÝRME;PENCERE VE PROFÝL SÝSTEMLERÝ;;;
275;ökto özel ki?myasallar toptan tedari?k san. ve ti?c. ltd. þti?.;https://www.ozelkim.com; YAPI KÝMYASALLARI VE YALITIM;YAPI MALZEMELERÝ VE YAPIM SÝSTEMLERÝ;;;
276;omni?s kompozi?t ltd.;http://www.omniskompozit.com ; MAKÝNE, EKÝPMAN VE BÝLÝÞÝM;YANGIN GÜVENLÝÐI, GÜVENLÝK VE ÝÞ GÜVENLÝÐÝ;YAPI KÝMYASALLARI VE YALITIM;YAPI MALZEMELERÝ VE YAPIM SÝSTEMLERÝ;
277;onalti metal otomoti?v yan san. ve ti?c. ltd. þti?.;https://www.onaltimetal.com.tr; KAPI, GEÇÝÞ, AKTARIM VE BÝNA OTOMASYON SÝSTEMLERÝ;;;;
278;onmet yapi üreti?m taah. san. ltd. þti?.;http://www.thermosiding.com.tr; BÝNA ÝÇÝ TASARIM VE DEKORASYON;BOYALAR VE BÝTÝRME;CEPHE VE ÇATI;SERAMÝK VE DOÐAL TAÞ;YAPI KÝMYASALLARI VE YALITIM
279;onpo madenci?li?k i?nþaat san. ve ti?c. a.þ.;NaN;;;;;
280;onur ek parçalari ve plasti?k boru san. diþ ti?c. ltd.þti?;http://www.onurpipe.com; BANYO, MUTFAK, HAVUZ VE SPA;;;;
281;onur grup i?nþaat a.þ.;NaN;;;;;
282;ooo bi eks dzhi;NaN;;;;;
283;opal i?nþaat tur. çeli?k konstrüksi?yon san. ti?c. a.þ.;http://www.opalcelik.com; YAPI MALZEMELERÝ VE YAPIM SÝSTEMLERÝ;;;;
284;ottoman sanayi? ve diþ ti?c.a.þ.;http://www.rexon.com.tr; BOYALAR VE BÝTÝRME;YAPI KÝMYASALLARI VE YALITIM;;;
285;özben savunma ltd. þti?.;https://www.ozbensavunma.com;;;;;
286;özdemi?rbaðlar metal i?nþ.amb.plas.i?malat geri? dön. san.ti?c.ltd.þti?.;http://www.ozdemirbaglar.com; CEPHE VE ÇATI;YAPI MALZEMELERÝ VE YAPIM SÝSTEMLERÝ;;;
287;özler kalip ve i?skele si?stemleri?;http://www.ozleriskele.com; HÝZMETLER;MAKÝNE, EKÝPMAN VE BÝLÝÞÝM;YAPI MALZEMELERÝ VE YAPIM SÝSTEMLERÝ;;
288;özseli?n deli?kli? saç san.ve ti?c.ltd.þti?.;http://www.ozselin.com; CEPHE VE ÇATI;HÝZMETLER;ISITMA, HAVALANDIRMA, ÝKLÝMLENDÝRME, SU TEKNOLOJÝLERÝ VE ENERJÝ;;
289;panastone;http://www.panastone.com.tr; BANYO, MUTFAK, HAVUZ VE SPA;BÝNA ÝÇÝ TASARIM VE DEKORASYON;BOYALAR VE BÝTÝRME;SERAMÝK VE DOÐAL TAÞ;
290;pandomur mobilier & design srl;http://www.homofaber.ro; BANYO, MUTFAK, HAVUZ VE SPA;BÝNA ÝÇÝ TASARIM VE DEKORASYON;;;
291;panelder - yalitimli konti?nü panel üreti?ci?leri? derneði?;http://www.panelder.org; CEPHE VE ÇATI;HÝZMETLER;;;
292;pencere ve kapi sektörü derneði? (pükad);http://www.pukad.org; HÝZMETLER;;;;
293;pencere yayincilik;http://www.pencerecephedergisi.com; HÝZMETLER;;;;
294;penmati?k havalandirma kli?ma hirdavat i?nþaat ve diþ ti?c. ltd. þti?.;NaN;;;;;
295;petek kontrplak;http://www.petekkontrplak.com; MAKÝNE, EKÝPMAN VE BÝLÝÞÝM;YAPI MALZEMELERÝ VE YAPIM SÝSTEMLERÝ;;;
296;pi?na fi?ber havuz si?stemleri?;http://www.pinahavuz.com; BANYO, MUTFAK, HAVUZ VE SPA;;;;
297;pinardað endüstri? enj. orman ürn. i?thalat ve i?hracat ltd. þti?.;https://www.pnrdoor.com;;;;;
298;pi?vot door;https://www.pivotdoor.com.tr; KAPI, GEÇÝÞ, AKTARIM VE BÝNA OTOMASYON SÝSTEMLERÝ;;;;
299;plasmet yapi;http://www.dnc.com.tr; AYDINLATMA VE ELEKTRÝK;CEPHE VE ÇATI;ISITMA, HAVALANDIRMA, ÝKLÝMLENDÝRME, SU TEKNOLOJÝLERÝ VE ENERJÝ;YANGIN GÜVENLÝÐI, GÜVENLÝK VE ÝÞ GÜVENLÝÐÝ;
300;polde plasti?k san. ve ti?c. a.þ.;NaN;;;;;
301;polure;https://www.polure.com; BÝNA ÝÇÝ TASARIM VE DEKORASYON;CEPHE VE ÇATI;HÝZMETLER;;
302;polyfibers;http://www.polyfibers.com; YAPI KÝMYASALLARI VE YALITIM;YAPI MALZEMELERÝ VE YAPIM SÝSTEMLERÝ;;;
303;porti?san portati?f çeli?k i?skele kalip san. ve ti?c. a.þ.;https://www.portisan.com.tr; MAKÝNE, EKÝPMAN VE BÝLÝÞÝM;YAPI MALZEMELERÝ VE YAPIM SÝSTEMLERÝ;;;
304;porvi?l çati malz. üreti?m paz. san. ve ti?c. ltd. þti?.;http://www.porvil.com; CEPHE VE ÇATI;;;;
305;potech maki?na i?malat san.ti?c.ltd.þti?;http://www.potech.com.tr; MAKÝNE, EKÝPMAN VE BÝLÝÞÝM;;;;
306;pro brixia;NaN;;;;;
307;promast ki?mya san. ve ti?c. a.þ.;http://www.promast.com.tr; YANGIN GÜVENLÝÐI, GÜVENLÝK VE ÝÞ GÜVENLÝÐÝ;YAPI KÝMYASALLARI VE YALITIM;;;
308;proplas profi?l plasti?k;http://www.proplas.com.tr; BANYO, MUTFAK, HAVUZ VE SPA;BOYALAR VE BÝTÝRME;YAPI KÝMYASALLARI VE YALITIM;YAPI MALZEMELERÝ VE YAPIM SÝSTEMLERÝ;
309;proplast kapi pencere si?st. paz. san. ve ti?c. ltd. þti?.;https://www.proplastpvc.com;;;;;
310;protan turkey yalitim sanayi? ve ti?caret a.þ.;http://www.protanturkey.com; CEPHE VE ÇATI;YAPI KÝMYASALLARI VE YALITIM;YAPI MALZEMELERÝ VE YAPIM SÝSTEMLERÝ;;
311;protech global yalitim;https://www.protechglobal.com.tr; CEPHE VE ÇATI;ISITMA, HAVALANDIRMA, ÝKLÝMLENDÝRME, SU TEKNOLOJÝLERÝ VE ENERJÝ;YAPI KÝMYASALLARI VE YALITIM;YAPI MALZEMELERÝ VE YAPIM SÝSTEMLERÝ;
312;pt dextone lemindo;NaN;;;;;
313;qatar development bank;https://www.qdb.qa;;;;;
314;qb i?nþaat mi?m. müh. emlak daniþm. mob. i?nþ. malz. san. ve ti?c. ltd. þti?.;NaN;;;;;
315;quanzhou city sanlian machinery manufacture co ltd.;http://www.sl-machine.com; MAKÝNE, EKÝPMAN VE BÝLÝÞÝM;;;;
316;raf ahþap malzemeleri? san. ve ti?c. ltd.þti?.;http://www.rafahsap.com; BÝNA ÝÇÝ TASARIM VE DEKORASYON;KAPI, GEÇÝÞ, AKTARIM VE BÝNA OTOMASYON SÝSTEMLERÝ;;;
317;ramsoy strafor duvar panelleri? ve söve;http://www.ramsoy.com.tr; BÝNA ÝÇÝ TASARIM VE DEKORASYON;BOYALAR VE BÝTÝRME;;;
318;redi?ks yapi malzemeleri? paz.a.þ.;NaN;;;;;
319;retro flooring;http://www.retroparke.com.tr; BÝNA ÝÇÝ TASARIM VE DEKORASYON;YAPI MALZEMELERÝ VE YAPIM SÝSTEMLERÝ;ZEMÝN KAPLAMALARI VE DÖÞEME SÝSTEMLERÝ;;
320;revestech waterproofing systems;http://www.revestech.es; YAPI KÝMYASALLARI VE YALITIM;;;;
321;rital uluslararasi diþ ti?caret li?mi?ted þi?rketi?;NaN;;;;;
322;rollfen mühendi?sli?k maki?na san. ve ti?c. ltd. þti?.;http://www.rollfenmakina.com; MAKÝNE, EKÝPMAN VE BÝLÝÞÝM;;;;
323;rollpanel yalitim ve i?nþaat malz. san. ve ti?c. a.þ.;https://www.rollpanel.com; CEPHE VE ÇATI;;;;
324;rotho blaas turkey diþ ti?caret ltd. þti?.;https://www.rothoblaas.com;;;;;
325;s&p afs havalandirma si?stemleri? a.þ.;NaN;;;;;
326;þahanlar ahþap;http://www.sahanlarahsap.com.tr; BANYO, MUTFAK, HAVUZ VE SPA;KAPI, GEÇÝÞ, AKTARIM VE BÝNA OTOMASYON SÝSTEMLERÝ;YANGIN GÜVENLÝÐI, GÜVENLÝK VE ÝÞ GÜVENLÝÐÝ;;
327;salvador paint;http://www.salvadorpaint.com; BÝNA ÝÇÝ TASARIM VE DEKORASYON;BOYALAR VE BÝTÝRME;YAPI KÝMYASALLARI VE YALITIM;;
328;samet kalip ve madeni? eþya san. ve ti?c. a.þ.;http://www.samet.com.tr; NALBURÝYE VE EL ALETLERÝ;;;;
329;sarayli madeni? eþya a.þ.;http://www.smsarayli.com.tr; HÝZMETLER;NALBURÝYE VE EL ALETLERÝ;;;
330;sarpan orman ürünleri? san. ti?c. a.þ.;https://www.sarpanorman.com/; MAKÝNE, EKÝPMAN VE BÝLÝÞÝM;YAPI MALZEMELERÝ VE YAPIM SÝSTEMLERÝ;;;
331;savas celi?k elek uretim paz. ltd. sti;http://www.savaselek.com.tr; BÝNA ÝÇÝ TASARIM VE DEKORASYON;CEPHE VE ÇATI;NALBURÝYE VE EL ALETLERÝ;;
332;sb þömi?ne barbekü i?nþaat sanayi? ve ti?c. ltd. þti?.;https://www.sbyapiinsaat.com; BÝNA ÝÇÝ TASARIM VE DEKORASYON;;;;
333;scafform metal otom. ti?c. ltd. þti?.;https://www.scafformmetal.com.tr;;;;;
334;scientific floor tekni?k yapi malzemeleri? ltd.þti?.;https://www.scientificfloor.com;;;;;
335;seger orman ürünleri? ve i?nþaat san. ti?c. ltd. þti?.;http://www.segerorman.com.tr; CEPHE VE ÇATI;MAKÝNE, EKÝPMAN VE BÝLÝÞÝM;YAPI MALZEMELERÝ VE YAPIM SÝSTEMLERÝ;;
336;sel diþ ti?caret ve ki?mya san. a.þ.;http://www.selsil.com; YAPI KÝMYASALLARI VE YALITIM;;;;
337;selena yapi malzemeleri? san. ve ti?c. ltd. þti?;NaN;;;;;
338;sena yapi;http://www.senayapi.com.tr; BÝNA ÝÇÝ TASARIM VE DEKORASYON;BOYALAR VE BÝTÝRME;;;
339;sertel vi?da metal a.þ;http://www.sertelvida.com; MAKÝNE, EKÝPMAN VE BÝLÝÞÝM;NALBURÝYE VE EL ALETLERÝ;YANGIN GÜVENLÝÐI, GÜVENLÝK VE ÝÞ GÜVENLÝÐÝ;;
340;sertsan maki?ne plasti?k san. ti?c. ltd. þti?.;NaN;;;;;
341;setgrup yapi metal san. ve diþ ti?c. ltd. þti?.;https://www.setyapi.net;;;;;
342;sfs i?ntec baðlanti teknoloji?leri?;https://www.tr.sfs.com; CEPHE VE ÇATI;NALBURÝYE VE EL ALETLERÝ;YANGIN GÜVENLÝÐI, GÜVENLÝK VE ÝÞ GÜVENLÝÐÝ;YAPI MALZEMELERÝ VE YAPIM SÝSTEMLERÝ;
343;shandong bp new material technology co.,ltd;NaN;;;;;
344;shandong fuqian construction material co., ltd;NaN;;;;;
345;shandong kaijie ecological technology co. , ltd;NaN;;;;;
346;shandong mega new materials co., ltd;http://www.chinaintek.com; YAPI MALZEMELERÝ VE YAPIM SÝSTEMLERÝ;;;;
347;shandong orly new material co.,ltd;NaN;;;;;
348;shanghai jing bo decorative materials co., ltd.;http://www.jdfloor.cn; ZEMÝN KAPLAMALARI VE DÖÞEME SÝSTEMLERÝ;;;;
349;shanghai mehong tianrun international co., ltd.;http://www.likegro.com; BANYO, MUTFAK, HAVUZ VE SPA;KAPI, GEÇÝÞ, AKTARIM VE BÝNA OTOMASYON SÝSTEMLERÝ;YAPI MALZEMELERÝ VE YAPIM SÝSTEMLERÝ;;
350;shaoxing keqiao hanke sanitary ware factory;http://www.hqjj.com; BANYO, MUTFAK, HAVUZ VE SPA;;;;
351;sheh kai precision co., ltd.;https://www.shehkai.com; CEPHE VE ÇATI;NALBURÝYE VE EL ALETLERÝ;;;
352;shijiazhuang amber metal products co.,ltd;http://www.decorativewiremesh.com; BÝNA ÝÇÝ TASARIM VE DEKORASYON;CEPHE VE ÇATI;HÝZMETLER;YAPI MALZEMELERÝ VE YAPIM SÝSTEMLERÝ;
353;shijiazhuang asa international trading corporation;http://www.ailinmesh.com; PENCERE VE PROFÝL SÝSTEMLERÝ;;;;
354;si?ba ki?mya ve endüstri?yel ürünler san. ti?c. a.þ.;http://www.sibakimya.com.tr; YAPI KÝMYASALLARI VE YALITIM;;;;
355;som kaðit ve karton i?þleme san. ti?c. a. þ.;http://www.sompaper.com.tr; BÝNA ÝÇÝ TASARIM VE DEKORASYON;;;;
356;soma ki?mya san. ve ti?c. a.þ.;NaN;;;;;
357;sotaþ ki?myevi? mad. san. ve ti?c. a.þ.;http://www.sotas.com.tr; YAPI KÝMYASALLARI VE YALITIM;;;;
358;sra stone gallery;http://www.sratrading.com; BANYO, MUTFAK, HAVUZ VE SPA;SERAMÝK VE DOÐAL TAÞ;;;
359;starbond metal panel ki?remi?t i?nþ. i?th. san. ve ti?c. ltd. þti?;http://www.starbondmetal.com; CEPHE VE ÇATI;;;;
360;statorr internationale rotor und stator industrie maki?ne ltd. þti?.;http://www.treumix.com; MAKÝNE, EKÝPMAN VE BÝLÝÞÝM;;;;
361;stella pro;https://www.stella-pro.ru; BOYALAR VE BÝTÝRME;ZEMÝN KAPLAMALARI VE DÖÞEME SÝSTEMLERÝ;;;
362;sti?l spor peyzaj i?nþaat mi?m. müh. san. ve ti?c. ltd.þti?.;http://www.stilspor.com; ÇEVRE DÜZENLEME VE KENTSEL TASARIM;HÝZMETLER;ZEMÝN KAPLAMALARI VE DÖÞEME SÝSTEMLERÝ;;
363;stop grup güvenli?k si?stem. i?nþ. san. ve ti?c. a.þ.;http://www.stopgrup.com;;;;;
364;super wonderful trading - fzco;NaN;;;;;
365;suzhou mechadvisor intelligent technology co ltd;http://www.mechadvisor.com; BOYALAR VE BÝTÝRME;CEPHE VE ÇATI;YAPI MALZEMELERÝ VE YAPIM SÝSTEMLERÝ;ZEMÝN KAPLAMALARI VE DÖÞEME SÝSTEMLERÝ;
366;svr sever maki?ne sanayi? ve ti?caret a.þ.;http://www.severmakine.com; ÇEVRE DÜZENLEME VE KENTSEL TASARIM;MAKÝNE, EKÝPMAN VE BÝLÝÞÝM;YAPI MALZEMELERÝ VE YAPIM SÝSTEMLERÝ;;
367;taiwan regional association of adhesive tape manufacturers;NaN; YAPI KÝMYASALLARI VE YALITIM;;;;
368;tamgüvenli?kli? flanþli i?skele san. ti?c. ltd. þti?;NaN;;;;;
369;tantimber - tanwood orman ürünleri? san. ti?c. a.þ.;http://www.tantimber.com; BANYO, MUTFAK, HAVUZ VE SPA;BOYALAR VE BÝTÝRME;CEPHE VE ÇATI;ÇEVRE DÜZENLEME VE KENTSEL TASARIM;ZEMÝN KAPLAMALARI VE DÖÞEME SÝSTEMLERÝ
370;tavsi?s asma tavan si?stemleri? i?thalat i?hracat san ve ti?c ltd þti?;https://www.tavsis.com.tr; BOYALAR VE BÝTÝRME;;;;
371;techel kompozi?t teksti?l san. ve ti?c. ltd. þti?.;http://www.techelfrp.com; YAPI MALZEMELERÝ VE YAPIM SÝSTEMLERÝ;;;;
372;tekram mühendi?sli?k mak. i?nþ. taah. san. ve ti?c. ltd. þti?.;https://www.tekram.com.tr; KAPI, GEÇÝÞ, AKTARIM VE BÝNA OTOMASYON SÝSTEMLERÝ;;;;
373;telci?maks maki?na i?th. i?hr. san. ve ti?c. ltd. þti?.;https://www.telcimaksan.com; ÇEVRE DÜZENLEME VE KENTSEL TASARIM;MAKÝNE, EKÝPMAN VE BÝLÝÞÝM;;;
374;teotech / ozok steel;http://www.teotech.com.tr; HÝZMETLER;MAKÝNE, EKÝPMAN VE BÝLÝÞÝM;YAPI MALZEMELERÝ VE YAPIM SÝSTEMLERÝ;;
375;terrawool;http://www.terrawool.com; BOYALAR VE BÝTÝRME;CEPHE VE ÇATI;YANGIN GÜVENLÝÐI, GÜVENLÝK VE ÝÞ GÜVENLÝÐÝ;YAPI KÝMYASALLARI VE YALITIM;
376;tetra door;http://www.tetradoor.com; KAPI, GEÇÝÞ, AKTARIM VE BÝNA OTOMASYON SÝSTEMLERÝ;YANGIN GÜVENLÝÐI, GÜVENLÝK VE ÝÞ GÜVENLÝÐÝ;;;
377;the polish investment and trade agency (paih);NaN;;;;;
378;the world company for drawing & manufacturing wires;NaN;;;;;
379;ticm;http://www.tic-m.com; CEPHE VE ÇATI;HÝZMETLER;YAPI KÝMYASALLARI VE YALITIM;YAPI MALZEMELERÝ VE YAPIM SÝSTEMLERÝ;
380;ti?s teknoloji?k i?zolatör si?stemleri? san. ve ti?c. a.þ.;http://www.tis.com.tr; HÝZMETLER;YAPI MALZEMELERÝ VE YAPIM SÝSTEMLERÝ;;;
381;tohma i?nþ.ti?c.ve taah.ltd.þti?;NaN;;;;;
382;tokoz plastic & building materials international;http://www.tokozint.com; BANYO, MUTFAK, HAVUZ VE SPA;ÇEVRE DÜZENLEME VE KENTSEL TASARIM;ZEMÝN KAPLAMALARI VE DÖÞEME SÝSTEMLERÝ;;
383;tork mühendi?sli?k asansör i?nþ. san. ti?c. ltd. þti?.;http://www.torkasansor.com; KAPI, GEÇÝÞ, AKTARIM VE BÝNA OTOMASYON SÝSTEMLERÝ;;;;
384;tosya keski?n çeli?k i?nþ. ve tarim alet. isi si?st. san. ti?c. ltd.þti?.;http://www.tosyakeskincelik.com; NALBURÝYE VE EL ALETLERÝ;;;;
385;tromer enerji? anoni?m þi?rketi?;https://www.tromer.com.tr; BÝNA ÝÇÝ TASARIM VE DEKORASYON;BOYALAR VE BÝTÝRME;HÝZMETLER;YANGIN GÜVENLÝÐI, GÜVENLÝK VE ÝÞ GÜVENLÝÐÝ;YAPI KÝMYASALLARI VE YALITIM
386;türki?ye hazir beton bi?rli?ði?;https://www.thbb.org; HÝZMETLER;;;;
387;türki?ye i?msad;http://www.imsad.org; HÝZMETLER;;;;
388;tuþba zemi?n market i?nþ. san. ve diþ ti?c. ltd.þti?.;NaN;;;;;
389;üçkan i?nþ. taah. san. ti?c. ltd. þti?.;http://naturalefekt.com; BOYALAR VE BÝTÝRME;;;;
390;üçler alümi?nyum metal yapi malz. san. ti?c. ltd. þti?.;NaN;;;;;
391;unival;https://www.univalsrl.it; BANYO, MUTFAK, HAVUZ VE SPA;ISITMA, HAVALANDIRMA, ÝKLÝMLENDÝRME, SU TEKNOLOJÝLERÝ VE ENERJÝ;;;
392;uzun geri? dönüþüm metal i?nþ. i?ç ve diþ ti?c. ltd. þti?.;https://www.uzngrup.com; YAPI MALZEMELERÝ VE YAPIM SÝSTEMLERÝ;;;;
393;vakolart alçi ith. ihr. san. ve ti?c. ltd. þti?.;NaN;;;;;
394;vakumaks;http://www.vakumaks.com; HÝZMETLER;ISITMA, HAVALANDIRMA, ÝKLÝMLENDÝRME, SU TEKNOLOJÝLERÝ VE ENERJÝ;KAPI, GEÇÝÞ, AKTARIM VE BÝNA OTOMASYON SÝSTEMLERÝ;YAPI MALZEMELERÝ VE YAPIM SÝSTEMLERÝ;
395;valpaint s.p.a;http://www.valpaint.it; BOYALAR VE BÝTÝRME;;;;
396;vari?odor - sefa modeka;http://www.sefamodeka.com; KAPI, GEÇÝÞ, AKTARIM VE BÝNA OTOMASYON SÝSTEMLERÝ;;;;
397;vi?ki?ng plasti?k san. ve ti?c. ltd. þti?.;https://www.vikingplastik.com;;;;;
398;vindoform kapi pencere aks. san. ve ti?c. ltd. þti?.;http://www.windoform.com.tr; KAPI, GEÇÝÞ, AKTARIM VE BÝNA OTOMASYON SÝSTEMLERÝ;PENCERE VE PROFÝL SÝSTEMLERÝ;;;
399;vi?ta tel;http://www.vitatel.com.tr; ÇEVRE DÜZENLEME VE KENTSEL TASARIM;KAPI, GEÇÝÞ, AKTARIM VE BÝNA OTOMASYON SÝSTEMLERÝ;;;
400;vkf renzel sales promotion i?malat ve ti?c. ltd. þti?.;https://www.vkf-renzel.com.tr;;;;;
401;voldosan i?nþ. yapi malzemeleri? - volkan doðan;NaN;;;;;
402;winland toroslular cam balkon ve yapi si?stemleri? san. ti?c. ltd. þti?;https://www.winland.com.tr;;;;;
403;wisdom(xiamen)import & export co., ltd;https://www.wisdombuildingmaterials.com; ÇEVRE DÜZENLEME VE KENTSEL TASARIM;;;;
404;wkb systems gmbh;http://www.wkb-systems.com; MAKÝNE, EKÝPMAN VE BÝLÝÞÝM;;;;
405;wolves asansör ltd. þti?.;http://www.wolvesasansor.net; KAPI, GEÇÝÞ, AKTARIM VE BÝNA OTOMASYON SÝSTEMLERÝ;;;;
406;workindo;https://www.workindo.com;;;;;
407;wuqiang county huili fiberglass co.,ltd.;NaN;;;;;
408;xiamen dahe peb construction technology co., ltd.;http://www.dahezbforming.com; CEPHE VE ÇATI;YAPI MALZEMELERÝ VE YAPIM SÝSTEMLERÝ;;;
409;xinma fiberglass co., ltd;http://www.xinmafiberglass.com; CEPHE VE ÇATI;YAPI KÝMYASALLARI VE YALITIM;YAPI MALZEMELERÝ VE YAPIM SÝSTEMLERÝ;;
410;yaka kapi mobi?lya i?nþ. ve pazarlama san. ti?c. ltd. þti?.;https://www.yakadoor.com.tr; KAPI, GEÇÝÞ, AKTARIM VE BÝNA OTOMASYON SÝSTEMLERÝ;YANGIN GÜVENLÝÐI, GÜVENLÝK VE ÝÞ GÜVENLÝÐÝ;;;
411;yangzhou jingdu brush co.,ltd;https://www.china-bristle.com; NALBURÝYE VE EL ALETLERÝ;;;;
412;yapi i?nþaat dergi?si?;http://www.yapiinsaatdergisi.com; HÝZMETLER;;;;
413;yapi magazi?n dergi?si?;http://www.yapimagazin.com; HÝZMETLER;;;;
414;yapiset a.þ. - navtex;http://www.yapiset.com.tr; BOYALAR VE BÝTÝRME;YAPI KÝMYASALLARI VE YALITIM;YAPI MALZEMELERÝ VE YAPIM SÝSTEMLERÝ;;
415;yapki?m yapi ki?mya san. a.þ.;http://www.yapkimsan.com; YAPI KÝMYASALLARI VE YALITIM;;;;
416;yasham duvar kaðitlari boya ve ki?mya san. a.þ.;NaN;;;;;
417;yazlar paz. bet. ve pet. ür. san. ve ti?c. ve a.þ.;http://www.yazlar.com.tr; CEPHE VE ÇATI;YAPI KÝMYASALLARI VE YALITIM;YAPI MALZEMELERÝ VE YAPIM SÝSTEMLERÝ;;
418;yeda i?nþaat malzemeleri? tah.san.ti?c.aþ;http://www.yedamermer.com; BANYO, MUTFAK, HAVUZ VE SPA;SERAMÝK VE DOÐAL TAÞ;;;
419;yem ki?tabevi?;http://www.yemkitabevi.com; HÝZMETLER;;;;
420;yi fong ind. safety products co., ltd;NaN;;;;;
421;yildiz door;https://www.yildizdoorcelikkapi.com; KAPI, GEÇÝÞ, AKTARIM VE BÝNA OTOMASYON SÝSTEMLERÝ;;;;
422;yilsan firça i?nþaat turi?zm sanayi? ve ti?caret ltd. þti?.;http://www.yilsanfirca.com.tr; NALBURÝYE VE EL ALETLERÝ;;;;
423;yoldaþ endüstri? ürünleri? sanayi? ve ti?c. a.þ.;NaN;;;;;
424;yön yapi mühendi?sli?k a.þ.;http://www.isolion.com.tr; YAPI KÝMYASALLARI VE YALITIM;;;;
425;zemod orman ürünleri? a.þ.;NaN;;;;;
426;zenon panel;http://www.zenonpanel.com; CEPHE VE ÇATI;YAPI MALZEMELERÝ VE YAPIM SÝSTEMLERÝ;;;
427;zhejiang dinggang technology co.,ltd,;NaN; BANYO, MUTFAK, HAVUZ VE SPA;;;;
428;zhejiang fuxin electrical technology co.,ltd.;http://www.china-fuxin.com; BANYO, MUTFAK, HAVUZ VE SPA;;;;
429;zhejiang geartech machinery co., ltd.;http://www.geartech.cn; MAKÝNE, EKÝPMAN VE BÝLÝÞÝM;;;;
430;zhejiang huanri sanitation co., ltd;http://www.huanrifaucet.com; BANYO, MUTFAK, HAVUZ VE SPA;;;;
431;zhejiang msd group share co.,ltd;http://www.zjmsd.com; BÝNA ÝÇÝ TASARIM VE DEKORASYON;BOYALAR VE BÝTÝRME;YAPI MALZEMELERÝ VE YAPIM SÝSTEMLERÝ;;
432;zhejiang wuxin technology co.,ltd.;http://www.wuxinprint.com; BÝNA ÝÇÝ TASARIM VE DEKORASYON;KAPI, GEÇÝÞ, AKTARIM VE BÝNA OTOMASYON SÝSTEMLERÝ;YAPI MALZEMELERÝ VE YAPIM SÝSTEMLERÝ;ZEMÝN KAPLAMALARI VE DÖÞEME SÝSTEMLERÝ;
